concept,layer,k,control_max,task_max,split,control_fires,task_fires,verdict
algorithms,16,5,1043.802978515625,,held_out,True,False,CONTEXT_NULL
algorithms,31,5,1868.4061279296875,,held_out,True,False,CONTEXT_NULL
algorithms,40,5,7615.67724609375,,held_out,True,False,CONTEXT_NULL
algorithms,53,5,9360.5546875,,held_out,True,False,CONTEXT_NULL
amphitheaters,16,5,212.8570098876953,0.0,pilot,True,False,CONTEXT_NULL
amphitheaters,31,2,328.96319580078125,31.81732177734375,pilot,True,True,OK
amphitheaters,40,4,3844.00244140625,642.7110595703125,pilot,True,True,OK
amphitheaters,53,5,11862.45703125,387.7320861816406,pilot,True,True,OK
aquariums,16,5,274.4660949707031,,held_out,True,False,CONTEXT_NULL
aquariums,31,1,1741.578369140625,,held_out,True,False,CONTEXT_NULL
aquariums,40,5,9636.7958984375,,held_out,True,False,CONTEXT_NULL
aquariums,53,5,15503.376953125,,held_out,True,False,CONTEXT_NULL
avalanches,16,5,300.17706298828125,,held_out,True,False,CONTEXT_NULL
avalanches,31,5,2206.6494140625,,held_out,True,False,CONTEXT_NULL
avalanches,40,5,7943.37548828125,,held_out,True,False,CONTEXT_NULL
avalanches,53,5,9869.65234375,,held_out,True,False,CONTEXT_NULL
bags,16,3,80.79275512695312,,held_out,True,False,CONTEXT_NULL
bags,31,0,0.0,,held_out,False,False,NO_LATENTS
bags,40,1,5306.61474609375,,held_out,True,False,CONTEXT_NULL
bags,53,0,0.0,,held_out,False,False,NO_LATENTS
blood,16,5,753.0347900390625,,held_out,True,False,CONTEXT_NULL
blood,31,3,1291.787841796875,,held_out,True,False,CONTEXT_NULL
blood,40,4,10710.955078125,,held_out,True,False,CONTEXT_NULL
blood,53,5,6492.57666015625,,held_out,True,False,CONTEXT_NULL
boulders,16,5,266.4067687988281,,held_out,True,False,CONTEXT_NULL
boulders,31,3,885.13916015625,,held_out,True,False,CONTEXT_NULL
boulders,40,5,5232.83984375,,held_out,True,False,CONTEXT_NULL
boulders,53,3,6498.001953125,,held_out,True,False,CONTEXT_NULL
bread,16,5,793.7013549804688,,held_out,True,False,CONTEXT_NULL
bread,31,1,1091.09423828125,,held_out,True,False,CONTEXT_NULL
bread,40,4,3926.641845703125,,held_out,True,False,CONTEXT_NULL
bread,53,4,3846.830078125,,held_out,True,False,CONTEXT_NULL
cameras,16,4,476.4842529296875,,held_out,True,False,CONTEXT_NULL
cameras,31,2,588.1338500976562,,held_out,True,False,CONTEXT_NULL
cameras,40,5,5964.02978515625,,held_out,True,False,CONTEXT_NULL
cameras,53,1,3431.70361328125,,held_out,True,False,CONTEXT_NULL
caverns,16,5,312.842041015625,,held_out,True,False,CONTEXT_NULL
caverns,31,2,574.9873046875,,held_out,True,False,CONTEXT_NULL
caverns,40,5,7296.50537109375,,held_out,True,False,CONTEXT_NULL
caverns,53,5,6893.478515625,,held_out,True,False,CONTEXT_NULL
constellations,16,5,440.4338684082031,,held_out,True,False,CONTEXT_NULL
constellations,31,2,352.9620361328125,,held_out,True,False,CONTEXT_NULL
constellations,40,5,6372.7822265625,,held_out,True,False,CONTEXT_NULL
constellations,53,2,2050.7802734375,,held_out,True,False,CONTEXT_NULL
contraptions,16,5,300.5806884765625,,held_out,True,False,CONTEXT_NULL
contraptions,31,5,1107.860107421875,,held_out,True,False,CONTEXT_NULL
contraptions,40,5,7374.91796875,,held_out,True,False,CONTEXT_NULL
contraptions,53,5,12839.986328125,,held_out,True,False,CONTEXT_NULL
denim,16,5,686.92578125,,held_out,True,False,CONTEXT_NULL
denim,31,1,287.8343505859375,,held_out,True,False,CONTEXT_NULL
denim,40,5,6603.15625,,held_out,True,False,CONTEXT_NULL
denim,53,4,7142.9208984375,,held_out,True,False,CONTEXT_NULL
deserts,16,3,241.8236083984375,,held_out,True,False,CONTEXT_NULL
deserts,31,1,343.2344970703125,,held_out,True,False,CONTEXT_NULL
deserts,40,0,0.0,,held_out,False,False,NO_LATENTS
deserts,53,3,4747.2353515625,,held_out,True,False,CONTEXT_NULL
dirigibles,16,5,199.0098876953125,,held_out,True,False,CONTEXT_NULL
dirigibles,31,5,713.7198486328125,,held_out,True,False,CONTEXT_NULL
dirigibles,40,5,8104.24755859375,,held_out,True,False,CONTEXT_NULL
dirigibles,53,5,11313.365234375,,held_out,True,False,CONTEXT_NULL
dust,16,5,395.08197021484375,,held_out,True,False,CONTEXT_NULL
dust,31,2,796.8877563476562,,held_out,True,False,CONTEXT_NULL
dust,40,4,4139.806640625,,held_out,True,False,CONTEXT_NULL
dust,53,5,4200.69091796875,,held_out,True,False,CONTEXT_NULL
dynasties,16,5,608.7669067382812,,held_out,True,False,CONTEXT_NULL
dynasties,31,5,983.322509765625,,held_out,True,False,CONTEXT_NULL
dynasties,40,5,7652.86962890625,,held_out,True,False,CONTEXT_NULL
dynasties,53,5,8041.5224609375,,held_out,True,False,CONTEXT_NULL
fountains,16,5,343.7940673828125,,held_out,True,False,CONTEXT_NULL
fountains,31,2,791.4496459960938,,held_out,True,False,CONTEXT_NULL
fountains,40,2,1574.26220703125,,held_out,True,False,CONTEXT_NULL
fountains,53,1,1334.258056640625,,held_out,True,False,CONTEXT_NULL
frosts,16,5,332.7968444824219,12.401622772216797,pilot,True,True,OK
frosts,31,5,935.461181640625,48.77415466308594,pilot,True,True,OK
frosts,40,5,4566.703125,232.25985717773438,pilot,True,True,OK
frosts,53,5,5819.0322265625,156.0224151611328,pilot,True,True,OK
harmonies,16,5,521.2279663085938,,held_out,True,False,CONTEXT_NULL
harmonies,31,5,2011.3016357421875,,held_out,True,False,CONTEXT_NULL
harmonies,40,5,8004.19091796875,,held_out,True,False,CONTEXT_NULL
harmonies,53,3,3305.588623046875,,held_out,True,False,CONTEXT_NULL
illusions,16,5,522.66845703125,,held_out,True,False,CONTEXT_NULL
illusions,31,4,1053.518798828125,,held_out,True,False,CONTEXT_NULL
illusions,40,5,7631.796875,,held_out,True,False,CONTEXT_NULL
illusions,53,4,6006.5107421875,,held_out,True,False,CONTEXT_NULL
information,16,5,726.5125122070312,,held_out,True,False,CONTEXT_NULL
information,31,4,523.710693359375,,held_out,True,False,CONTEXT_NULL
information,40,5,8782.751953125,,held_out,True,False,CONTEXT_NULL
information,53,5,16533.6328125,,held_out,True,False,CONTEXT_NULL
kaleidoscopes,16,5,230.09225463867188,0.0,pilot,True,False,CONTEXT_NULL
kaleidoscopes,31,5,664.2854614257812,0.0,pilot,True,False,CONTEXT_NULL
kaleidoscopes,40,5,4080.777099609375,246.80560302734375,pilot,True,True,OK
kaleidoscopes,53,5,3116.107421875,0.0,pilot,True,False,CONTEXT_NULL
lightning,16,3,178.92510986328125,,held_out,True,False,CONTEXT_NULL
lightning,31,4,832.2756958007812,,held_out,True,False,CONTEXT_NULL
lightning,40,2,705.7966918945312,,held_out,True,False,CONTEXT_NULL
lightning,53,3,2458.41845703125,,held_out,True,False,CONTEXT_NULL
masquerades,16,5,538.66748046875,,held_out,True,False,CONTEXT_NULL
masquerades,31,5,1427.6717529296875,,held_out,True,False,CONTEXT_NULL
masquerades,40,5,4987.16015625,,held_out,True,False,CONTEXT_NULL
masquerades,53,5,9963.7470703125,,held_out,True,False,CONTEXT_NULL
memories,16,5,653.49560546875,,held_out,True,False,CONTEXT_NULL
memories,31,5,2183.36474609375,,held_out,True,False,CONTEXT_NULL
memories,40,3,7981.1796875,,held_out,True,False,CONTEXT_NULL
memories,53,2,5380.33984375,,held_out,True,False,CONTEXT_NULL
milk,16,5,688.7725830078125,,held_out,True,False,CONTEXT_NULL
milk,31,1,318.23858642578125,,held_out,True,False,CONTEXT_NULL
milk,40,1,1090.09033203125,,held_out,True,False,CONTEXT_NULL
milk,53,5,7567.7802734375,,held_out,True,False,CONTEXT_NULL
mirrors,16,5,192.02334594726562,,held_out,True,False,CONTEXT_NULL
mirrors,31,2,547.4452514648438,,held_out,True,False,CONTEXT_NULL
mirrors,40,2,2321.829833984375,,held_out,True,False,CONTEXT_NULL
mirrors,53,1,2361.275390625,,held_out,True,False,CONTEXT_NULL
monoliths,16,5,231.91326904296875,,held_out,True,False,CONTEXT_NULL
monoliths,31,5,1475.2091064453125,,held_out,True,False,CONTEXT_NULL
monoliths,40,5,4739.33056640625,,held_out,True,False,CONTEXT_NULL
monoliths,53,5,4357.2216796875,,held_out,True,False,CONTEXT_NULL
oceans,16,2,490.93280029296875,,held_out,True,False,CONTEXT_NULL
oceans,31,3,927.8856201171875,,held_out,True,False,CONTEXT_NULL
oceans,40,0,0.0,,held_out,False,False,NO_LATENTS
oceans,53,1,1268.33349609375,,held_out,True,False,CONTEXT_NULL
origami,16,5,417.843994140625,,held_out,True,False,CONTEXT_NULL
origami,31,5,1576.213623046875,,held_out,True,False,CONTEXT_NULL
origami,40,5,5047.8193359375,,held_out,True,False,CONTEXT_NULL
origami,53,4,8234.80859375,,held_out,True,False,CONTEXT_NULL
peace,16,4,585.9318237304688,,held_out,True,False,CONTEXT_NULL
peace,31,5,2628.872802734375,,held_out,True,False,CONTEXT_NULL
peace,40,5,8159.6806640625,,held_out,True,False,CONTEXT_NULL
peace,53,5,14336.4677734375,,held_out,True,False,CONTEXT_NULL
phones,16,5,866.1474609375,,held_out,True,False,CONTEXT_NULL
phones,31,4,2720.572265625,,held_out,True,False,CONTEXT_NULL
phones,40,5,7860.322265625,,held_out,True,False,CONTEXT_NULL
phones,53,5,2822.11767578125,,held_out,True,False,CONTEXT_NULL
plastic,16,5,749.6350708007812,,held_out,True,False,CONTEXT_NULL
plastic,31,2,636.3324584960938,,held_out,True,False,CONTEXT_NULL
plastic,40,5,5912.9345703125,,held_out,True,False,CONTEXT_NULL
plastic,53,2,5018.119140625,,held_out,True,False,CONTEXT_NULL
poetry,16,3,623.4110107421875,,held_out,True,False,CONTEXT_NULL
poetry,31,3,2551.394775390625,,held_out,True,False,CONTEXT_NULL
poetry,40,3,2374.81005859375,,held_out,True,False,CONTEXT_NULL
poetry,53,5,7034.234375,,held_out,True,False,CONTEXT_NULL
quarries,16,5,299.946533203125,,held_out,True,False,CONTEXT_NULL
quarries,31,3,866.7645263671875,,held_out,True,False,CONTEXT_NULL
quarries,40,4,2987.97607421875,,held_out,True,False,CONTEXT_NULL
quarries,53,4,3603.05810546875,,held_out,True,False,CONTEXT_NULL
rubber,16,3,149.9087677001953,88.14006042480469,pilot,True,True,OK
rubber,31,1,502.760986328125,139.29299926757812,pilot,True,True,OK
rubber,40,5,6269.54931640625,161.72450256347656,pilot,True,True,OK
rubber,53,4,3149.23583984375,0.0,pilot,True,False,CONTEXT_NULL
sadness,16,3,230.94976806640625,,held_out,True,False,CONTEXT_NULL
sadness,31,1,907.8248901367188,,held_out,True,False,CONTEXT_NULL
sadness,40,5,4624.9228515625,,held_out,True,False,CONTEXT_NULL
sadness,53,2,5357.8955078125,,held_out,True,False,CONTEXT_NULL
satellites,16,5,744.9572143554688,0.0,pilot,True,False,CONTEXT_NULL
satellites,31,4,1269.814697265625,88.78059387207031,pilot,True,True,OK
satellites,40,4,5236.880859375,510.8792724609375,pilot,True,True,OK
satellites,53,5,9471.7470703125,556.7857666015625,pilot,True,True,OK
secrecy,16,5,480.1844482421875,19.672426223754883,pilot,True,True,OK
secrecy,31,5,1741.898681640625,201.52879333496094,pilot,True,True,OK
secrecy,40,5,8222.775390625,1139.279541015625,pilot,True,True,OK
secrecy,53,5,6209.44140625,998.7864379882812,pilot,True,True,OK
silver,16,3,74.53388977050781,0.0,pilot,True,False,CONTEXT_NULL
silver,31,1,277.765869140625,0.0,pilot,True,False,CONTEXT_NULL
silver,40,4,9649.3154296875,496.09539794921875,pilot,True,True,OK
silver,53,5,9965.23828125,0.0,pilot,True,False,CONTEXT_NULL
snow,16,3,132.81744384765625,,held_out,True,False,CONTEXT_NULL
snow,31,0,0.0,,held_out,False,False,NO_LATENTS
snow,40,0,0.0,,held_out,False,False,NO_LATENTS
snow,53,5,10264.947265625,,held_out,True,False,CONTEXT_NULL
sugar,16,3,79.54388427734375,,held_out,True,False,CONTEXT_NULL
sugar,31,2,493.82415771484375,,held_out,True,False,CONTEXT_NULL
sugar,40,4,4938.6171875,,held_out,True,False,CONTEXT_NULL
sugar,53,5,13019.0830078125,,held_out,True,False,CONTEXT_NULL
treasures,16,5,329.017822265625,,held_out,True,False,CONTEXT_NULL
treasures,31,4,862.7474975585938,,held_out,True,False,CONTEXT_NULL
treasures,40,4,3380.59033203125,,held_out,True,False,CONTEXT_NULL
treasures,53,3,5335.88671875,,held_out,True,False,CONTEXT_NULL
trees,16,1,44.22126770019531,,held_out,True,False,CONTEXT_NULL
trees,31,0,0.0,,held_out,False,False,NO_LATENTS
trees,40,1,692.281005859375,,held_out,True,False,CONTEXT_NULL
trees,53,0,0.0,,held_out,False,False,NO_LATENTS
trumpets,16,5,909.962890625,0.0,pilot,True,False,CONTEXT_NULL
trumpets,31,5,3693.96875,35.35868835449219,pilot,True,True,OK
trumpets,40,5,11329.806640625,121.56647491455078,pilot,True,True,OK
trumpets,53,5,16027.798828125,1331.39599609375,pilot,True,True,OK
vegetables,16,5,333.86669921875,0.0,pilot,True,False,CONTEXT_NULL
vegetables,31,2,363.13494873046875,0.0,pilot,True,False,CONTEXT_NULL
vegetables,40,0,0.0,,pilot,False,False,NO_LATENTS
vegetables,53,3,4149.12109375,0.0,pilot,True,False,CONTEXT_NULL
volcanoes,16,5,447.639892578125,,held_out,True,False,CONTEXT_NULL
volcanoes,31,2,598.66943359375,,held_out,True,False,CONTEXT_NULL
volcanoes,40,2,2113.7197265625,,held_out,True,False,CONTEXT_NULL
volcanoes,53,1,3748.098388671875,,held_out,True,False,CONTEXT_NULL
xylophones,16,5,517.6997680664062,0.0,pilot,True,False,CONTEXT_NULL
xylophones,31,5,990.8270874023438,0.0,pilot,True,False,CONTEXT_NULL
xylophones,40,5,7848.5908203125,319.0357971191406,pilot,True,True,OK
xylophones,53,5,12353.283203125,160.6289825439453,pilot,True,True,OK
youths,16,5,559.533447265625,,held_out,True,False,CONTEXT_NULL
youths,31,4,1031.98388671875,,held_out,True,False,CONTEXT_NULL
youths,40,5,3709.26171875,,held_out,True,False,CONTEXT_NULL
youths,53,5,6945.89013671875,,held_out,True,False,CONTEXT_NULL
